"","date","IWM","IWN","IWO","IWB","IWD","IWF","IWR","IWS","IWP","AWEIX","NSEPX","MCGFX","SPEGX","ACFSX","AVEGX","MABAX","BPAIX","HASCX","SCUIX","HFCGX","HSZYX","HSCSX","PSOPX","JMCRX","ALFAX","LAGWX","LMIYX","DEOPX","FSMVX","FRBSX","GGOIX","MXMGX","SECUX","ARKK"
"1",Jan 2015,-0.0333196569866578,-0.0435179019724788,-0.023234130106233,-0.0272367416971647,-0.0402631348501697,-0.0147512559386848,-0.0149580641667048,-0.0143378031666553,-0.0168743851098893,-0.03830400937396,-0.0319828164636507,-0.0171560246546295,-0.0211472440308326,-0.0158154553288769,-0.0287375935861537,-0.0519942076518011,-0.0390781187663256,-0.0389511123555592,-0.0254098659289471,-0.0277724419678415,-0.0397224031072199,-0.0576374849789923,-0.0368048152132261,-0.0423233070440545,-0.0221966481282425,-0.0264735437750259,-0.0316295433961616,-0.0140846624669723,-0.0192748277725664,-0.0615141879514241,-0.0311094801032807,-0.0188556598373431,-0.0183450070875026,0.00396044016845057
"2",Feb 2015,0.0577632319997459,0.0453848014419076,0.0696875072663178,0.0550245631138368,0.0465651152687206,0.0638353651073158,0.0530174327922675,0.0400354132029258,0.0663639761943742,0.0634625013314726,0.0629747951212868,0.0460080469068719,0.0557826603630397,0.0484691172013741,0.0611389695340495,0.0843783205158514,0.0689311720084008,0.0677459546692804,0.0501897821449785,0.0653022188185575,0.0728315523902469,0.0840176839599513,0.0435796373226218,0.0544774487701406,0.0635453658036288,0.0765497566123516,0.0694284027322579,0.0570149465345683,0.0441456725411428,0.0404120334225906,0.0602310327619662,0.0733783329406662,0.0672883733512231,0.0608570274471464
"3",Mar 2015,0.0175448418821256,0.0171131191020426,0.0178937725498589,-0.0131018860500689,-0.0140902856547373,-0.011822159436517,0.000711259715797134,-0.00170221812650653,0.0016374527829087,-0.0112430755557676,-0.0110149947940511,-0.00578166564153573,-0.00962051076432723,-0.00762263226612278,-0.00102919917982494,-0.00610532504564846,-0.0086883895940327,0.0144513575225841,0.0215227247595489,0.00941302407425002,0.00636532002613238,0.0152562571005778,0.0192361482186322,0.0245287559654506,0.0135180810283076,0.0186763068593922,0.0329865845317855,0.0115048230085671,0.00063348212024742,-0.0165410555817976,-0.00773032554110751,0.0103003246472396,0.00349978443083037,-0.0318836119789552
"4",Apr 2015,-0.0259837822182439,-0.0217442940804514,-0.0298713181476267,0.00808108800774365,0.0087888084977521,0.00544387792095628,-0.00945988410236203,-0.0118962210973568,-0.0069678835142786,0.00626162847045608,0.00788040401900765,-0.0147976402798821,0.00642400670364989,0.0192369948299875,-0.0138217335469059,0.00860841375423191,0.0104169119732765,-0.0232232226446497,-0.028148844082616,-0.0464262183619388,-0.0192190440086609,-0.0434201795211694,-0.0247889810630543,-0.0272170369033151,-0.00834666708328907,-0.0346559497833786,-0.0437146474988301,-0.00422325031355773,-0.000797891061422271,0.0193493086607205,0.00457505933898891,-0.00513686930898859,-0.00701148080448827,0.00574292144943814
"5",May 2015,0.0221171627294913,0.00749729915001789,0.035464193133234,0.0126772722984755,0.0123289319389097,0.0130848946800029,0.0138405397555196,0.0177255687854876,0.0118573304226858,0.0124072133007335,0.0202026778427151,0.0274730511856056,0.021119850168165,0.0177400902258963,0.0141650769634243,0.0106573425606227,0.0154243624358831,0.00804396982883775,0.0228117491481685,0.0280130312958052,0.00709000760083906,0.0259298492099038,0.000716815225801324,0.0166836173737538,0.0216845164757375,0.0509231740067316,0.0694380798683416,0.019162416398126,0.0271725987351717,-0.00327708032634149,-0.00528076708932702,0.0208118729305533,0.0118034671931445,0.0301310139753915
"6",Jun 2015,0.00779878043553866,0.00206170246226814,0.0142032667879185,-0.0191197148252446,-0.0204391771781602,-0.0176196108911571,-0.0207451167533694,-0.0259615713023583,-0.0159790291564835,-0.00556414870369932,-0.00829012281709741,-0.000763667590717503,-0.0115605607827062,-0.0241113137292308,-0.00723002945662999,-0.0149521804214799,-0.017152884815127,0.000364167030671207,0.00419597942105949,0.0104922551582509,0.0203439373641673,0.0064404818656871,0.00469446497913747,0,0.00534842796553218,0.00947086087059879,0.0147445432385313,-0.00680106685490884,-0.0263747076737494,-0.0136924935542749,-0.00247396536363575,-0.00379018143868238,-0.0173155591596046,-0.0114565021522241
"7",Jul 2015,-0.0111009459122152,-0.0288019445277489,0.00439194277672046,0.0193993673644672,0.00467151417720074,0.0335370679983232,0.00734484433495327,-0.00234632357301696,0.0158606471865082,0.0244961354642596,0.0228535412954523,0.0455472676868407,0.00737233656918468,-0.00641195803170244,0.0208589116629349,0.0025074663314086,0.0111826491414174,-0.0187401709266623,0.00114111551338781,0.0177343481811683,-0.0145802209824779,-0.02779018999644,-0.0326590513122278,-0.0281897719844946,-0.00125584023471806,0.00204728945862123,-0.00141747875665066,-0.0103947177029526,0,-0.0372924551355723,0.00810573172037964,0.0146597641049037,0.0140507167152904,0.00700130113178955
"8",Aug 2015,-0.0651890382840902,-0.0501611416728036,-0.0789297394097894,-0.0621121959752361,-0.0615179652541027,-0.0630040701776919,-0.054031546543445,-0.0479983352561329,-0.0603574215716865,-0.059831118283211,-0.0701890363398108,-0.0671696362615925,-0.0661489785746778,-0.0765402674762901,-0.0449902420327064,-0.0727051293792965,-0.0572086802425974,-0.0588180634192122,-0.050293263971124,-0.0526304434463224,-0.0544575815864717,-0.0401451242485978,-0.0510795740133165,-0.0346294327332714,-0.0709473027245156,-0.111057395779937,-0.0941289563260479,-0.0673696769767917,-0.0612728063089746,-0.0298006056058875,-0.0645151878914281,-0.04420572207664,-0.0597392596781853,-0.0673330110031388
"9",Sep 2015,-0.050623293071713,-0.0354893994991491,-0.0650070875707677,-0.028468277840537,-0.0312204339279645,-0.0264031676703179,-0.0369652604635038,-0.0349343776259803,-0.0399556584047546,-0.0306510362001657,-0.0309962640844479,-0.026900243237723,-0.0284267798829009,-0.0288204717932539,-0.0474812944133003,-0.0533408897815741,-0.0369046195482412,-0.0413631488969722,-0.039556238671074,-0.0192264169624541,-0.0676451872870915,-0.0292285935755408,-0.0297666937272333,0.011212440283098,-0.0336107725038389,-0.0617393351899608,-0.082252910481017,-0.0554195985140637,-0.0437774075201641,-0.0489680722259467,-0.0432272202262995,-0.0517525496952795,-0.0406197555930844,-0.0673950977825438
"10",Oct 2015,0.0547034775508839,0.0536934413985524,0.0550372474642526,0.0779638017589643,0.0724602760206703,0.0834116326155066,0.0595805766658179,0.0598793717764131,0.0609629917410154,0.0825864384311607,0.0843072250837856,0.0666912335012031,0.0765761460299934,0.0659995575916078,0.0548873862909975,0.0712631100883414,0.0772917804150174,0.0719677960691744,0.0491069055987253,0.0481404246204582,0.0200006736047134,0.0573700497167236,0.055353374013912,0.0873598307799944,0.0383216233325603,0.00871261971523867,-0.0159184064469124,0.0671844722015228,0.0610153611497478,0.06735428499062,0.0495718184775862,0.0772185833202104,0.0619140472524256,0.0573947581710501
"11",Nov 2015,0.0320790518990011,0.0292308776959728,0.0362136483681556,0.0040530340416931,0.00447695138463318,0.00306232322679499,0.00332586089916136,0.00266394024805251,0.00254508446864355,-0.0104198776315797,0.000850761643556373,-0.00338168852344442,0.0021346535289596,-0.00610133418271582,0.00245663969649925,-0.00873046026777559,0.0103852839442849,0.0319156061587036,0.0192198722839239,-0.00954551776832984,0.00282485275485568,0.0278713293868306,0.0342932825661617,0.0214789789421754,0.0169747320378524,0.0240133312141452,0.0603599574785834,-0.00782784994138813,-0.000833757305111751,0.0219679690881706,-0.00148924748461072,0.0106814485507469,0.00135854619995916,0.0632815837115133
"12",Dec 2015,-0.0516134813728043,-0.0557616105504607,-0.0494107434765207,-0.0193704357703967,-0.022291829107369,-0.0153149790710517,-0.0282238080285109,-0.0322249264146122,-0.0236996858831754,-0.0212484818968301,-0.00715707822009608,0.00429299027715416,-0.00783728369620206,-0.0201415194758432,-0.0383170430730505,-0.0343154012329094,-0.0262480915047225,-0.0511104880987615,-0.0389566970874077,-0.0344160936945877,-0.0329747982134642,-0.072404947403555,-0.0626213236157839,-0.0576450756371336,-0.0325941090151877,-0.0491771166613148,-0.0421324690485781,-0.0503386483521834,-0.0281554075047214,-0.0340917034702556,-0.0202876030459051,-0.0196377756026246,-0.0322538821250273,-0.0134220206706097
"13",Jan 2016,-0.0896789312404956,-0.0677193534542649,-0.112020030228634,-0.0558977126769019,-0.0542775409371169,-0.0584720178734497,-0.067731575022076,-0.0563195255258186,-0.0779148126437253,-0.0503851562942644,-0.0584962935612829,-0.0393209917420466,-0.0606246728506895,-0.071623405774323,-0.0271436543901208,-0.0664729898996228,-0.073745936153381,-0.0703214990375272,-0.0653826658081945,-0.0737861046128981,-0.0867824033827373,-0.0619655072570314,-0.0585061722840794,-0.0607902235227078,-0.0888832848766631,-0.138110262714944,-0.174971640169301,-0.0493567980735396,-0.0733506254231289,-0.0633613292441351,-0.0852713171422742,-0.113920318730062,-0.0749072295641317,-0.2006706561673
"14",Feb 2016,-0.00223609397544504,0.00603423959367916,-0.00846791685747209,0,0,0,0.0111608871843369,0.00645086827606224,0.0142458901567048,0.00139561788474972,-0.000927223532038009,-0.0141619956398534,-0.0093022602276331,-0.00136329671577335,0.0122449140084185,-0.0107055989089272,-0.00457204870244097,0.0116404366521141,0.00696553245857367,0.0266681773155526,0.0199463226901037,-0.00330676659434138,0.00648087905361771,0.0420605985955997,-0.0126167656299519,-0.0271224161111371,-0.0474891328091415,0.0110990136057316,0.0105415589018214,-0.00865233673408066,-0.00325063391786373,0.0425811914373085,0.011699385475634,0.021277364647804
"15",Mar 2016,0.0770853162478712,0.0793843430897509,0.0733871856904538,0.0675586630894951,0.0700954916681074,0.0651692547128252,0.0781799681548001,0.0880292687834633,0.0662764376935251,0.056926049889401,0.0594235170933209,0.0439232288541407,0.0567688989717716,0.0698111268732772,0.0685871141748994,0.0861956029374351,0.0655246992337489,0.0865827248741125,0.0757263366339012,0.0444995129349919,0.118381166404558,0.0694945840100462,0.0826232806386675,0.0174033909894683,0.0742330495801414,0.0565543528962701,0.0755696018754414,0.0805518580735445,0.070834151708978,0.0824413611950136,0.0773916911610624,0.0671715893738545,0.0703725178386675,0.112179324272624
"16",Apr 2016,0.0165840401744268,0.0211320337357928,0.0109497405380032,0.00524593203573874,0.0208320351483521,-0.00926333765567174,0.0101379853460798,0.0207888947804241,-0.00130321579308903,0.00065851828528288,0.00696874164877949,-0.0163103065440209,-0.0166949537870109,-0.00318575563935925,0.0161565904109615,0.0357101761444452,0.0193630144522495,0.00274783248090864,0.00896865364388849,-0.0265692156294384,0.112986822880728,0.0216736034104412,0.0118253582744339,0.00331216280845775,0.00648304038929606,-0.00666873385438271,0.0211357454084449,0.00878685058681134,0.0154222983411502,0.0155862211511401,0.0107043876910812,0.00370527316472574,0.0031679554639059,-0.0131547022410165
"17",May 2016,0.0221570822696243,0.0177051790695172,0.0272958164965172,0.0165195721429973,0.0145625518771335,0.0194338784177748,0.0166903695301475,0.0168418563481906,0.0168073779851141,0.0202026349154895,0.0189169271007593,0.0163103065440209,0.0133779834016819,0.019589861838728,0.00297740109958299,0.020999138841091,0.0272219190911249,0.0220980548148596,0.0168635967887361,0.0144350091188952,0.0155481707665186,0.0117504139811534,0.0170941854092431,-0.0139860101832817,0.0239436163787572,0.0275961962774416,0.0320150190810479,0.00737523255775239,0.00870696947735287,0.00436732925670691,0.0235702756972219,0.0260113410052197,0.0177643081518286,0.0317985092706861
"18",Jun 2016,-0.00017395536718517,0.00432606567027378,-0.00436422881950023,0.00265533798951265,0.00836602269614826,-0.00437464234659741,0.00506620017749234,0.00865248735198337,-0.000213643603290384,0.00193371767424835,-0.00691810651340722,-0.00354527844405156,-0.0122563292227136,-0.00627747140014716,-0.00596345630068076,-0.0145237088047875,-0.0132877770123433,0.00535371443995199,0.000417902442132228,0.0163203684804228,-0.058479356297966,-0.00544815378304154,0.00253757456589917,0.00801600398247527,-0.00911115252841467,0.00118283995669531,0.00449103787413348,-0.0251657874219611,-0.0126500214658224,-0.0143382251302683,-0.00249905224394483,-0.0108701391371533,-0.00155470290252815,-0.0103147051879351
"19",Jul 2016,0.0570877441028207,0.0522446526669915,0.0621620963571967,0.0372793880086091,0.0285498048262009,0.0464730151403003,0.0433893280520553,0.0406228533746252,0.0477800485641231,0.036666431365538,0.0345881136920472,0.0329372726464131,0.0460104052190699,0.0710896683566926,0.0388611411049061,0.0321787182510724,0.0428863369921131,0.0407303634931593,0.0421417730117882,0.0454276784946981,0.0875069254749414,0.0370015754377304,0.0521402503361013,0.0524900415213396,0.0523275405520117,0.0762165336214251,0.0851424234744784,0.048757419009081,0.0345159019422461,0.0370306553652592,0.0396536683239368,0.0475752766923103,0.0515523929148171,0.0652187080716663
"20",Aug 2016,0.0176837810522744,0.02395500457782,0.0108016747395333,0.00107680997510212,0.00764264137679941,-0.00516962244059989,-0.00251870917574373,-0.00195210854587186,-0.0033764415216599,-0.00248591809873449,0.00496277191118364,-0.0173315897732437,-0.00321719332620024,0.00759574978076369,0.00394767186138519,0.0181673488786352,0.0214216836753864,0.0199391643544763,0.0103626806959973,-0.0140707251526396,0.0188939585204884,-0.0223592060624306,0.0170325125750026,0.00503794235481419,0.00977102556073551,0.00980928821820257,0.00955646441955781,-0.00596614665233041,0.00211812287370754,0.00904732738409462,-0.00764434757016945,-0.00566055160790043,-0.00295984311205335,0.00116503394484981
"21",Sep 2016,0.010681070360411,0.00719495449933683,0.014081886120096,0.0011067594183168,-0.00232543981988152,0.0029668242658544,0.00237499627474086,0.00378255606170916,-1.41613962741676e-05,0,0.00657906187006488,-0.00601213453238756,0.00535613439886935,0.0104228517629192,-0.00827197757691451,0.0101771512283863,0.000432319147820214,0.0025094472941527,0.00789916838843384,0.00151716759141148,0.0132804283656897,-0.00919421559225814,0.00654630899602039,0.0211319135848296,0.0130040560077461,0.0172046307218435,0.0412566999223815,0.00596614665233039,-0.00424087611721348,0.0120297747207469,-0.0109646498709504,-0.00126169253483229,0.000987650399711927,0.0732203786812595
"22",Oct 2016,-0.0470608571808396,-0.0317147491925428,-0.0625615225698073,-0.0200401819611261,-0.0150725322658592,-0.0236037125628412,-0.0322373876075444,-0.024393292235086,-0.0418409922046932,-0.0213844942500456,-0.015696385884173,-0.0172330646785634,-0.0237847239424721,-0.0375630922352768,-0.0293168101675244,-0.0325197351385155,-0.0253953255905485,-0.0239143006672975,-0.029948518923092,-0.0417909742463169,-0.0619035295859232,-0.0233621837139193,-0.0420152693351464,-0.0628181206588497,-0.0433783918327863,-0.073533944652494,-0.0772218214572198,-0.0295127630973978,-0.0136929831188483,-0.0156953717750432,-0.0412643944775195,-0.0371490054945385,-0.0405444681189941,-0.107617269837815
"23",Nov 2016,0.104929945006361,0.123677925800889,0.0852045115452914,0.0396050309396182,0.0548865228938054,0.0216818626274916,0.051778985984417,0.060593321002056,0.0426621046151169,0.039880747850974,0.0303429854186648,-0.00769832812953402,0.0184285895436028,0.00417791988646183,0.0425906115863934,0.0753324872635621,0.0689633387083584,0.0930742256256129,0.0805728177532783,0.0848136494568,0.0651961605306268,0.108968907819192,0.129324717319495,0.112603436563084,0.0580359755568286,0.0492544411548834,0.073957024234051,0.0182131944642218,0.051637987244995,0.0983869782874615,0.0164594895524317,0.042407634018797,0.0417777076343403,0.00964347649762147
"24",Dec 2016,0.0284365512501823,0.0411690197524867,0.0139582059207029,0.0184849824110713,0.0259219487881441,0.0128814759242508,0.0119455399901463,0.0174011455270605,0.00338774223527074,0.00918545028984416,0.0156242668378197,0.00187863905866146,0.00543158897267138,-0.0054286189707967,-0.000707405416575487,0.0157818654668915,0.00958207809850476,0.0205278066961216,0.0221453235131568,0.0028999178429732,0.0328400096739938,0.0492132738609143,0.0384289609829867,0.0546522305739743,0.00400376278468423,-0.0198571326418459,-0.0231567701482612,0,0.0270230824515955,0.0295867882550952,-0.00208192339241096,0.00225321010496284,0.00645073932925182,-0.00298799373415677
"25",Jan 2017,0.00281344084967877,-0.00852772514086772,0.0148305122222696,0.0190996808826702,0.00605146181173658,0.0323588234975671,0.0234839288169763,0.016400778318369,0.0324285107270521,0.0158442623553608,0.018511446002806,0.019813862355449,0.0327897826402382,0.0462442020496209,0.0327410227021146,-0.00514153832407872,0.0156354280462007,0.0198412526258962,0.0122937113012752,-0.00726566184164724,0.0289684069801624,-0.00634160549202507,-0.0188594852811291,-0.0378255967529839,0.020429236197565,0.0398632521749699,0.0244640842558163,0.0431720153343362,0.0183932384171094,0.012896743722999,0.0378995153480836,0.0293093907970083,0.0341479366270661,0.0969410076741278
"26",Feb 2017,0.0191173063173102,0.0139777979257248,0.0253418363147578,0.0374424106414107,0.0343597420003446,0.0399837451395795,0.0272058110193993,0.0271478400228807,0.0280330053049456,0.0414507409174045,0.0406308545104485,0.0314508170204274,0.0431419082152225,0.0380835392814428,0.0352428211181789,0.0262194974949165,0.03339828539132,0.0200867610270273,0.0222777723452963,-0.00243361490889236,0.0419374690464605,0.0114344001528323,0.00739440762442286,-0.00750801794634776,0.0161261278912708,0.0362719952768894,0.0232417670222774,0.00319610014947748,0.0261987721163873,0.0194229167092411,0.0329229318079243,0.0322957494994245,0.0288651194547202,0.0457440713642144
"27",Mar 2017,0.000259457396836455,-0.00841669725931046,0.010792804167383,0.000876838052352478,-0.00970566039715906,0.0120235583739868,-0.00189186224856739,-0.00775221543499001,0.00497514658312112,-0.00290448606657387,0.00610678509561683,0.0108051984921236,0.0173562514930926,0.00998898930696875,0.0136867500036014,-0.0175339684702518,0,0.0112996525321338,0.00372696855971749,0.00534612619026546,0.0123688374160401,-0.00972307165854309,-0.0115978263241656,-0.00814889498883665,0.00932060395491833,0.00412176855539269,0.038189260483522,-0.00191630114112834,-0.00386686092657984,-0.0142065476572699,0.0135030871383898,0.0126316123541907,0.00530630104587972,0.0354714811550906
"28",Apr 2017,0.0114276202119179,0.00371693557938689,0.0186908745306054,0.0103084542467148,-0.0019157721852906,0.0219885566875337,0.00782258902093552,0.00156550753306264,0.0149226971917796,0.0155844839538041,0.0203396763271839,0.0286034003695432,0.0249888282637948,0.0395180108606979,0.0114367218825186,-0.0114648173526823,0.000405395568699077,0.00901056480766164,0.00148714244288791,0.000968980424175727,0.0146433784184889,0.0326793888325801,0.00710359227436959,0.0196764003774442,0.0138197790377356,0.00768230458707474,0.00490202954702261,0.0215060436634039,0.00154851499917663,-0.000780777804286693,0.0295395633223355,0.0182425993455845,0.0141651815804446,0.0492671172816111
"29",May 2017,-0.0199007297886226,-0.0310854621023933,-0.00841346248779399,0.0127382441510072,-0.00165771574156327,0.025545598449813,0.00886594934804043,-0.00313314843089828,0.0234598137977076,0.0108234164226973,0.0221246028965976,0.0232269863638614,0.0301432467784897,0.0318648780117817,0.00891946030395319,-0.0111955488199474,0.0116865413743187,0.00401279254852091,0.00111377354257822,-0.0260006898428069,-0.0201903591256154,-0.0341459808864077,-0.0427273520164819,-0.0290717767428218,0.00190447189069009,0.00559657313371442,-0.0018354632037734,0.00872282970330948,-0.000386783224902785,-0.0178622078364555,0.0219706047680034,0.0263546744170056,0.0199893540314749,0.118974143844956
"30",Jun 2017,0.033187394315624,0.033359480969317,0.0327637247913966,0.00712231815516585,0.0164535348750206,-0.00268468974093631,0.00930875874039871,0.0147349311693308,0.00231584485937883,0.00846263522204875,-0.000151137470280979,-0.00409007389668893,-0.00865816012325031,0.00256736853254377,0.0125574545864034,0.0123877738646269,0.0147149900854116,0.000308201521506105,0.0241947379640142,0.026000689842807,0.0640361696459154,0.01842014494149,0.0336773801978027,0.0187031489745204,0.0229463468464446,0.0265347214141532,0.075463008817039,0.00741670380668375,0.0119255542274486,0.0212410015851785,0.00261931399842946,0.0127241974859853,0.00333000291951568,0.0209432123846949
"31",Jul 2017,0.00848858476390655,0.00733895875489784,0.00987346569799513,0.0188908138388092,0.0127337720348155,0.0258397540912928,0.0148998650639848,0.0130280385663691,0.0165879406072192,0.0183695765530957,0.021850807416027,0.0237926193425029,0.0276341382857809,0.0332859268890622,0.0177172192358353,0.0177133247765196,0.01644511253508,0.0183098234306135,0.0097317046772928,0.0366099271761824,0.00520388479889161,-0.00409098316702756,0.0100150910556146,-0.000579232996731679,0.0169619834149887,0.0181155917067849,0.0400721284205448,0.0374666139366182,0.00609973865149029,0.0164698755972299,0.0163086775125045,0.0164577331733942,0.01517687260696,0.0229471574214884
"32",Aug 2017,-0.0126583934702308,-0.024822319012892,-0.000588199411739142,0.00320167004653552,-0.0121033519843428,0.0179966459503393,-0.00785734521842068,-0.0190592365200448,0.00645527236993425,-0.00719612070879352,0.0114612999864094,0.0119344574587116,0.0195445407191828,0.0230459320814061,0.00660493689747524,-0.0149373434190314,-0.00701473827031531,-0.00697918424789538,-0.0206567129624647,0.0120651069554929,-0.0545159089289887,-0.0153080099147899,-0.0300187012590855,-0.0335818627386656,-0.00256272826452775,0.00339058914066355,0.0194496137932984,0.0094453046594599,-0.0045712229309081,-0.0237615447683669,0.0124226136526453,0.00465288554404718,0.00500819944216316,0.142010891301904
"33",Sep 2017,0.0611340084459782,0.0690776687828887,0.0531346315375504,0.0204022843763608,0.0288229940401198,0.0121919708273688,0.027200989388143,0.0263990939638797,0.0278157142081626,0.0154355485233288,0.0169496317751,0.00640562907885493,0.0045976544026719,0.0215783593137079,0.0317489384307057,0.0304236058962657,0.0315652717748389,0.0565321541300726,0.045104229800045,0.0724922474074133,0.0102999568563621,0.0758903861606302,0.0588197795935466,0.080549331488584,0.0412912580572022,0.0467618261407266,0.0682434874606992,0.0238035151610707,0.0241428193743297,0.0469714705987697,0.0172790112279613,0.0206258048197208,0.0278449182207766,0.00426716921899036
"34",Oct 2017,0.00726198611001475,0.000483094138485555,0.0146443666036968,0.022828897322146,0.00739801033820728,0.0384329650753149,0.0159512347700105,0.00832457808709019,0.027878743768965,0.0259197229063322,0.0289875497980266,0.0194558905327752,0.0378083937396838,0.03633383609303,0.0220758741877528,0.00536381205076935,0.012801490085807,0.0392207816059243,0.0197545464296699,0.0354019498846745,-0.043110100527033,0.0112842082614447,0.0059269319475617,0.0353013114915277,0.0170883776543938,0.0300021721211578,-0.0105501005789965,0.0131093964572312,0.0184642814906548,0.0241450362121394,0.0222347485754516,0.0223960461472778,0.0244144779580234,0.0350188771514323
"35",Nov 2017,0.0289872514445148,0.0285779818318317,0.0280713192815834,0.0297398739149671,0.0300328217323837,0.0290445182538253,0.0335269678573292,0.0329633420841139,0.0324600118624457,0.0371474916479305,0.0261848362186678,0.0350247670602191,0.0157757885105068,0.0310765227370766,0.0373473389046522,0.0378680935189816,0.0229298457595546,0.0329327207009708,0.0227320775820843,-0.00456511555701053,0.019321481607431,0.0396003058014636,0.0242753162812451,0.0106156006283169,0.0225650078201612,0.024769102511912,0.0030698883595258,0.0157306362466825,0.0475175471343599,0.0328055228911454,0.0305920277859494,0.0222728279501986,0.0316518475540414,0.046494393634433
"36",Dec 2017,-0.00399283514597654,-0.00958250143198673,0.00174699664807401,0.0122806819037751,0.0157037565697938,0.00926667457540282,0.00914438668910258,0.0128484591401125,0.00525862419236132,0.0107908149526975,0.00668473511786752,0.00353133437634354,-0.00113274227053233,-0.0147423033319164,0.0120590686295745,0.0129210341686245,0.0114280532930991,-0.00871319834835079,-0.00320069774050933,0.00497913585459696,0.0492251956695784,-0.00610395452377153,-0.0128153347355763,-0.0197641822463208,0.00750080727420683,0.0186112498512812,0.0412666634288811,0.00722039203567244,0.0120867245170975,0.000485314116060679,0.00271831111095388,0.00291935974022861,0.00640308684313816,0.00960594404092051
"37",Jan 2018,0.0252586752644821,0.0121719236202378,0.0370656136189618,0.052688604088143,0.0371027110986006,0.0671893060688667,0.0363281577662097,0.0218572551364974,0.0544423597391328,0.0700009308106632,0.0543940320438828,0.0617023121188983,0.0680536742167054,0.0878361328077918,0.0558770377693622,0.0515979947354408,0.0528757115803722,0.0228768512593868,0.0163967648053928,0.0285616774778874,0.0432208604870223,0.0221959125214903,0.01523780458283,0.0206785111365731,0.0350913402543479,0.0378674096887163,0.0471577959806019,0.040135385936462,0.0141793010621928,0.0338166829289528,0.0568468040929375,0.0567342964156825,0.0553397858829449,0.106330956676797
"38",Feb 2018,-0.0391950218902348,-0.0511730043232411,-0.027894991708203,-0.037727744403745,-0.0495653149550795,-0.0263790890452318,-0.0415305850318722,-0.0511087557347545,-0.031984109982669,-0.0391818072998771,-0.0393252004283494,-0.0276650440297085,-0.0218537625689797,-0.0157876956772233,-0.0315011009214059,-0.0477957845142281,-0.0338275039022048,-0.0471356602470782,-0.037559549813703,-0.0721296635003306,0.00132087679368039,-0.0567931473580656,-0.0437354283827846,-0.0773930995565257,-0.0320882112695219,0.00945146477730859,0.00053550304105583,-0.058566902788992,-0.0544376959297817,-0.049997756275417,-0.0237467958854689,-0.0277794391631237,-0.0338431336280116,-0.00803411220665744
"39",Mar 2018,0.0121018100438447,0.0110497402179567,0.0128832634684012,-0.0226352447732356,-0.0178509918981057,-0.0275447030831045,0.00031248146940598,0.00247842910950282,-0.00132966808863131,-0.0323854558734917,-0.0254747607831262,-0.0299722613127205,-0.0282532212012569,-0.00925533345366921,-0.0101912668176472,-0.0253665079770375,-0.0235833592719886,0.00478672311902487,0.00561272562634283,0.00689358996825019,-0.016639195535158,0.0109697162917376,0.00603225140540679,0.016448503293514,0.00523357755579937,0.0218454085380211,0.00427352863701431,0.000563589059037997,0.000946572468211971,-0.0185554109755349,0.0046404687633861,0.00443789003546808,-0.00505557832745957,-0.0460195377540352
"40",Apr 2018,0.00976566253481025,0.018292456155748,0.00220135918688385,0.00258379520900176,0.00316277754832536,0.00264152951355522,-0.00179384271418911,0.00461748118364488,-0.00997237727871099,0.0160668659494289,0,0.00707442796704248,0.00197436982295359,0.0221534805085974,0.00510857251779384,0.016216616460323,0.00453515159382127,-0.000561773048690684,0.00521029919523591,0.00897632693057452,0.0867315914332796,-0.0140253692806636,0.0182091815758436,0.0167770233450593,0.00668908771645413,0.0217701775049872,0.0148151471119634,-0.0279937691652,-0.0102860852044534,0.0144038111680647,-0.0214474792896687,-0.0115050476515372,-0.0128633521774781,0.000511605186497686
"41",May 2018,0.0598111222065432,0.0566883260467017,0.0603936743318044,0.0254152083681245,0.00588282014307426,0.0428929364470037,0.0224567490238241,0.0114508796372867,0.0370130235117114,0.0228726085199196,0.0220699201996214,0.0169749643811179,0.0434222381120477,0.0484160401522581,0.0344321950807221,0.00534768129550171,0.00301193619508861,0.0485489335591855,0.0400198747514238,0.0281118531447232,0.0225138919095324,0.0144894518643722,0.057377287512407,0.0470060670577606,0.0480844021106367,0.0980118672814793,0.098456439368111,0.0178014292347384,0.00905732686820644,0.0193131749357751,0.0187432989273929,0.0173916439251634,0.0340133384425105,0.106434306554986
"42",Jun 2018,0.00612467470372236,0.00417801158149774,0.00712140808226905,0.00627045477445775,0.00272221668359392,0.00957264624946169,0.00657381476635308,0.0074863463834927,0.00324027834234174,0.0129806967650753,0.00602407673835751,0.00936188860444867,0.0159252592666876,0.0279629999331986,0.00582905812156638,0.00304301406323117,-0.0075470877889098,-0.00860441620169172,0.000356543979511706,-0.0120708537647206,-0.00120405240152518,0.00568907088302915,0.00138917898107689,0.0135137436705405,0.00773555281041398,0.0196840463002623,0.0332349183658076,0.0252894171691524,-0.00246216782593598,0.00305579552567593,0.00347550255407011,0.00293017618716886,0.00258562668617437,0.0339169919771097
"43",Jul 2018,0.0163563655862821,0.0179368820394016,0.0171639815827128,0.0339068852157051,0.0378631054207306,0.0284364605321088,0.0244979546763834,0.0265382585385409,0.0211380363373304,0.046520082763825,0.0402553779583428,0.0337544386377462,0.0256894413154937,0.0200954022928882,0.0369355899901527,0.045293453169958,0.0404583419442696,0.0248046084299149,0.0229085993897001,-0.00461711443288407,0.0249863722248474,0.00580234206118599,0.010794066395854,0.00613333707588517,0.00279829822544502,-0.0048847049823524,-0.0346639044085009,0.0235819255526224,0.0195286689576525,0.0369394916665862,0.0307482797014669,0.0362764288216434,0.021712110673083,-0.00960587772267172
"44",Aug 2018,0.0422025336890262,0.0236574409967835,0.0597540865191499,0.0333625471263842,0.0141039573166596,0.0528142079732418,0.0302562826011684,0.0128652691229588,0.0559235195741435,0.0335224906518336,0.028831837148263,0.0303548512701768,0.0554965203330187,0.0579714373236282,0.0247501931950487,0.0211894792558003,0.0133696283162652,0.0203396772456387,0.0349230965885588,0.0536465073965198,-0.00412111010631229,0.0185724284295253,0.0197425769111459,0.0225346196994937,0.0590001791000528,0.122319849178976,0.131563401684247,0.026739626640535,0.00602535164292554,0.00635084472075128,0.0377818257894749,0.0326192826562166,0.0472949844984018,0.109392865097514
"45",Sep 2018,-0.0235244033478718,-0.0250291195258351,-0.0227636216570132,0.0038218323775003,0.0024031781770839,0.00582113400981405,-0.0063273964951074,-0.00751049350853167,-0.00442886304836673,0.0136429510481769,0.00593091102617813,0.0159711495693636,0.00768242740261054,-0.00212763811224846,0.00573574720211533,-0.000355464356283123,0.00179305109617501,-0.0216576407622892,-0.0155988576661175,-0.0132452192405968,-0.0907190594984489,-0.0297428948191603,-0.0317303001690142,-0.0393512405553027,-0.00727049886486165,-0.00247912993131289,-0.00125442820291778,-0.00158435134313196,-0.0153350950837066,0,0.00681625665520796,0.001344262815032,-0.00120577670483722,-0.0486493293984334
"46",Oct 2018,-0.116397600575583,-0.0933198297510898,-0.135153108039311,-0.0735710434514029,-0.0529490568400725,-0.0933374682248165,-0.0864423835436705,-0.0753358101157832,-0.104312040052899,-0.0643579970637655,-0.0757266142435263,-0.0737249750276549,-0.103849822615919,-0.120983031084338,-0.0884423963309723,-0.0555493883232725,-0.0871742682428179,-0.121582129660267,-0.0911833703287792,-0.110085501941149,-0.0510213261663909,-0.132963235762186,-0.0924839879021264,-0.102913882190709,-0.12452204021809,-0.151104468555604,-0.186178477159892,-0.0791622657523146,-0.0817386683084151,-0.079535673105282,-0.092846420794513,-0.0773589627798574,-0.103953892644804,-0.105970833404492
"47",Nov 2018,0.0171162033898938,0.0156426008606683,0.0151590687279004,0.019053512899459,0.0278378828275696,0.00868971936273647,0.0242294567566834,0.0240775232532009,0.0249023218779438,0.0237994468947847,0.0182588782212309,0.0207386027611002,0.0103238408591211,0.033487429888396,0.0283358733006233,0.00851192434623724,0.0212732959411553,0.03799395855321,0.0174432943251273,-0.0405024734980689,0.00677511000569473,-0.00240877744540988,0.0155728777157065,-0.0170620076612809,0.00412385711791755,-0.0165189706017654,0.010848930756846,0.0480272030106152,0.0192312682867597,0.0146562056389605,0.0147978714328735,0.0256140430695419,0.0233748345692434,0.0429801903668331
"48",Dec 2018,-0.127517042433975,-0.129464820705567,-0.125010606289258,-0.0934105924846332,-0.0989617290075046,-0.087639557613049,-0.103960507558748,-0.110192987770115,-0.0947124793060769,-0.0951180982129637,-0.0920731405796045,-0.0793856902786683,-0.0910100630796143,-0.0848651844434063,-0.0851974387679228,-0.10147861081749,-0.111807658153765,-0.136090648700553,-0.114863293115363,-0.114231541418904,-0.0924405389964145,-0.148816794771799,-0.126892665644893,-0.0881512904840294,-0.1071571061761,-0.111739224938651,-0.0970673275873703,-0.0982749904083789,-0.114341787520628,-0.115578935334232,-0.0875457621562456,-0.100382080973471,-0.118768304395345,-0.146700111385578
"49",Jan 2019,0.107255872829208,0.103526954137823,0.109494850879366,0.0789270068359454,0.0735869155941613,0.0849019797599024,0.100810590127599,0.097273148789799,0.107381304377954,0.0696312505878929,0.080538993763407,0.0690795439982455,0.0808838216463135,0.110115149545782,0.0771187002929252,0.0736591291690437,0.0887925860252483,0.113120674522254,0.0982411671073791,0.105533506356527,0.123653761387838,0.10496931256118,0.102909904154834,0.120493491254334,0.101077352859933,0.146529472610221,0.111812958648973,0.0792254754638066,0.106774775653927,0.0918550834248029,0.0969690178830752,0.106245261965676,0.116145302950749,0.146322330742678
"50",Feb 2019,0.0504946916455169,0.0382461322994408,0.0625054572792459,0.0334820853252034,0.0314583601372662,0.0352969674967223,0.0426487538052303,0.0314661678790842,0.0571800506458962,0.0315516088843131,0.0293277999263389,0.028709966606206,0.0385996385864916,0.054762909526446,0.0555697900221141,0.0297100659698776,0.02671192265941,0.0401455838534984,0.0423705219626541,0.0139141541033582,0.060091309753888,0.0494608518925846,0.0394331680976426,0.0573768792659939,0.055913965789212,0.103156598493179,0.108946841843253,0.0587421004927203,0.027411541345534,0.0253255198988244,0.0513938582822447,0.045192833373878,0.0537734412638163,0.0783795510623359
"51",Mar 2019,-0.0211554867583129,-0.0287124650026869,-0.0129225383714408,0.0175476146312476,0.00648864843371114,0.027799451639692,0.00901368764596752,0.00474407152182723,0.0137300611564639,0.0206609585285631,0.014347437493443,0.0347660463697113,0.0201832935423925,-0.0017898511617418,0.0278773283782607,0.00329948389488837,-0.00569332204664114,-0.0294744896649689,-0.0171352031159877,-0.0380749866541231,0.00567384928930464,-0.0347804057139523,-0.0319235428627713,-0.0276398494684134,-0.0133725195282823,-0.0106180357180586,-0.0168475805711148,0.0352531352898777,-0.0119872590100253,-0.00968826368525679,0.0179673309040156,0.0093728354169453,0.0110440071833965,0.00364450386529261
"52",Apr 2019,0.0334027983256805,0.0362812958962766,0.0291153913571925,0.0385946527581543,0.0339151022352225,0.0434403191783599,0.0365793206502681,0.0321733585490084,0.0427806676440332,0.0496206880238467,0.047296793559886,0.0357979966481484,0.0519114934678722,0.0341642566890991,0.0486464047299247,0.0392207300873727,0.0454443657418049,0.0683708945823016,0.0467210003908132,0.0147759447014368,0.0189146441558291,0.0523858319549248,0.0300948216148604,0.0587496046200147,0.0347285563569968,0.024046661757199,0.0292994682597674,0.0508451187255985,0.0332985783001495,0.0364437011489908,0.0435550223002942,0.0366366316392768,0.0407383700312295,0.0104311970622046
"53",May 2019,-0.0817812187429274,-0.0855133582365912,-0.0764393261380297,-0.0653952493947999,-0.0661731480095805,-0.0645383061382742,-0.0632526954882849,-0.0664875534963769,-0.0590545688906968,-0.0591422737218878,-0.0732723008855055,-0.0438025319659364,-0.0672521913943405,-0.0766148197753296,-0.0423218706387529,-0.0712580110068181,-0.0664629663545737,-0.0987405820606008,-0.0711322708042755,-0.059348544837077,-0.0360335385949912,-0.0762633810439122,-0.0952340842609057,-0.105694250937229,-0.0715794665033228,-0.0266118722800796,-0.050146298857481,-0.020744232864837,-0.0994461951397016,-0.0806049250459825,-0.0459007820769044,-0.0496380734119505,-0.0656271712611322,-0.147852642898554
"54",Jun 2019,0.0675169937204972,0.0591659267307004,0.0701698791748329,0.066495065079423,0.0676370474004092,0.0626605071409966,0.0651547838898773,0.0651117394043531,0.0676134511704645,0.0610391680902505,0.0699506493883765,0.0596110067245941,0.0618175452706866,0.0804164769992965,0.0549042498362826,0.0603389510776931,0.071128473594851,0.0860438158765171,0.082573937476717,0.0816235246164408,0.0518687183947347,0.0888492622454517,0.060399423018844,0.0608602067356718,0.0723917378083597,0.0896121318719606,0.0928287398075003,0.0544321358576086,0.0767591086134428,0.073835213076889,0.0702759428194028,0.0691627348965897,0.0703860456154315,0.163819338139278
"55",Jul 2019,0.00679383910770996,0.00381010148213889,0.0129590874603177,0.0162083466577271,0.00954402354060014,0.0249811565467699,0.0145700826544225,0.00826805416675249,0.0224684085901214,0.0169097341832742,0.014690846378331,0.0266825449368522,0.0153224827895028,0.0285636910597285,0.0282971127700993,0.00410848272584969,0.0127194329372631,0.00998950226715051,0.0169209467268429,0.0112074153855546,-0.0489951918897629,-0.0163373886595256,0.00826273625275572,0.0149627969857721,-0.000812271305036746,0.0289316547288732,-0.0170846681741507,0.0158732421093318,0.00731599612216063,0.0143675728304654,0.0182217062127435,0.0251226227671197,0.0197927846133456,0.00995443919829904
"56",Aug 2019,-0.0505675605196698,-0.0575085733789709,-0.0441571085465492,-0.0188532154991706,-0.0305139794389867,-0.00865397629100376,-0.0289926014703334,-0.0368332803492127,-0.018548484173459,-0.0164361016969796,-0.0310322040405026,-0.00793027496437148,-0.0144146940733911,-0.0361814448954062,0.00550974525077539,-0.0305296977746213,-0.0446432856319135,-0.0538329936478058,-0.0352911125682078,-0.0397882278254103,-0.0591013072614043,-0.0580199416633496,-0.0522838260300648,-0.0276051619073243,-0.0406357609740102,-0.054299472377332,-0.0597634336062327,0.0102816806440442,-0.0533335557838274,-0.0519829703403121,-0.0142890063229949,-0.0207226165229711,-0.0245516589676449,-0.0893025868445143
"57",Sep 2019,0.0201658488779559,0.0493213805552379,-0.00821025021167696,0.0176910249696409,0.0354800289915671,0.000792678484887181,0.0195744314660465,0.0402513957052258,-0.0113354779710031,0.0127030809253673,0.0184533233697599,-0.00212554568708598,0.00271866657865812,-0.0228520786677063,-0.00523347945088249,0.0359817465005689,0.0295937655285431,0.0496072718195905,0.0255494574362643,-0.00369696315905524,0.0314633242742078,0.0320640063007093,0.0429247790720806,0.0306944907607203,-0.000423297823692611,-0.095109628128122,-0.0727018078333559,0.0106589979882815,0.0501395432519364,0.0493594220704243,-0.013611748858245,-0.00108144591095669,-0.0050339565027293,-0.0327975089819391
"58",Oct 2019,0.0267951786404837,0.0246496266779864,0.0295491987546534,0.0207506846441482,0.0140137251986931,0.0278609143919781,0.0106666487289199,0.00555864177886754,0.0184351485947698,0.0194449049711844,0.0146600786336869,0.0283188296951087,0.0294268825753405,0.0346006718285681,0.00193130463450934,0.00991888330994483,0.0173449499933008,0.0141163491600087,0.01643061706768,0.0131408632427317,0,0.0149143457009474,0.021961600307312,0.0195484779939973,0.0176253420461984,0.02140294471967,0.0335299169626235,0.00815915421469925,0.00819265392488223,0.0101642785675322,0.013611748858245,0.00135495696410859,0.0155234593251539,0.030764717709437
"59",Nov 2019,0.0398515571966999,0.0220605880218227,0.0561253621807886,0.0373897857905948,0.0303634441398005,0.0434552983302293,0.0356096794046391,0.0258276506965851,0.0479364697699933,0.0315910913599014,0.0360705985727495,0.0265321120815065,0.043840409431714,0.0599980248422076,0.0436845472098725,0.0275529492812679,0.0411734558024373,0.0259067426128036,0.0370816467706734,0.0494117183429856,0.0283551530578917,0.0302556443625136,0.0233859405780021,0.0114287162493058,0.0343451314377054,0.0322118434050708,0.0843494904887461,0.0175320892613404,0.0382441222541806,0.0329668831994751,0.0410137401330937,0.0414445271033316,0.0447001581164476,0.131183021550496
"60",Dec 2019,0.0274841164641058,0.0335864136688955,0.0223789397045727,0.0276137354021268,0.0262890133476803,0.0284683493921586,0.021760051840917,0.02954121845491,0.0118338274865836,0.0296254390730116,0.0317779035192926,0.0265919889621675,0.0289297389024276,0.0170012221057501,0.019437825999082,0.0344610609909053,0.0301490351692577,0.0291556375993755,0.0355736110046311,0.039469230086596,0.00961422517647832,0.0147760856894286,0.0251684707783016,0.0219884040013401,0.0334848781924201,0.0143665736999433,0.0509875087892136,0.0135853412471408,0.0283032002784999,0.0272929701173916,0.020367506083526,0.0177759209486368,0.0149168179620436,-0.00386763995507283
"61",Jan 2020,-0.0315166400690741,-0.0538426578796778,-0.0104646210442927,0.0012324217470516,-0.0216270988803862,0.0223716439008941,-0.00842200823696217,-0.0196062865302137,0.00893888802612455,0.0035165434838375,0.0105264015486608,0.0154133134554297,0.0294648174227857,0.0532632920557705,0.0102107883647777,-0.0364383009431953,-0.0410199957460528,-0.026397373312255,-0.03014923823186,-0.0494593607744135,-0.0580679736109281,-0.0184549134292991,-0.0629240702842917,-0.0483065516260825,-0.0170944025501879,0.0216687286787041,0.0166457345265712,0.015762951310672,-0.0464377237754786,-0.0371079669572597,0.0119018833871125,-0.00162735286318729,0.00071758450473108,0.0343676520152975
"62",Feb 2020,-0.0926168230324785,-0.101228927771886,-0.0731829965125139,-0.0841047609288295,-0.0975214808515453,-0.0686154437913283,-0.089104701520365,-0.103055672216103,-0.071547778658176,-0.0784717658452923,-0.0803698841803084,-0.0784176660678357,-0.0652787657026459,-0.0127466844629125,-0.079955824738436,-0.0992764515804359,-0.10042404404559,-0.110862475336376,-0.111643006538458,-0.106365016683969,-0.157568953204613,-0.0632717673097135,-0.0751974028869448,-0.122712742421626,-0.0802694783274949,-0.0396593520886665,-0.0434710345518622,-0.0611708813933514,-0.0988929015493274,-0.0969271858880563,-0.0593395005871976,-0.0708560618492021,-0.0749358244171619,0.0198783850354704
"63",Mar 2020,-0.241779683930783,-0.288612308630839,-0.217583104002073,-0.143215599197164,-0.191614700567827,-0.105863248756774,-0.218789016174043,-0.258724334495265,-0.162601780042954,-0.120932064051666,-0.123651366905258,-0.0994831403778236,-0.0996039546522647,-0.110327743209065,-0.159006400836713,-0.194195242040174,-0.19502835617761,-0.221502971587942,-0.252149399526119,-0.342970205341037,-0.554594957365633,-0.184722083200792,-0.287083598166787,-0.293918584645082,-0.240000799088013,-0.167290014825115,-0.251219707704817,-0.210992818117104,-0.244483929278582,-0.28399394208553,-0.140417166321196,-0.188353740062663,-0.197954618427865,-0.183078900036883
"64",Apr 2020,0.129690877695247,0.11806722761811,0.142202809329305,0.123973891333751,0.105995705073473,0.13705993641106,0.133589358010714,0.125227253954975,0.145833187632036,0.119032142483564,0.122231769435603,0.134790846503275,0.127470723855146,0.15483251091484,0.133572683733939,0.112238114827324,0.110767970326232,0.123232542877473,0.118856533341448,0.157628988831157,0.197782957741449,0.102472227224296,0.126253185066954,0.133170399295998,0.132124269484731,0.153186780484178,0.172612712505479,0.106446838528236,0.130255262928253,0.103753010854325,0.146403567951945,0.143297933554116,0.152354349016694,0.229125666254752
"65",May 2020,0.0638376990780914,0.0307223141269428,0.0893897113385675,0.0502721921298028,0.03431860615737,0.0646542316783706,0.0696682703259222,0.0457437980244889,0.0944827933008418,0.0446375096140024,0.0424116471856955,0.0675969162293361,0.0668630062692647,0.109209474651282,0.0808662484384441,0.0406796117257261,0.0425786945441136,0.0621580370007612,0.0506729746351776,0.0978727797475531,0.0455232181516752,0.074780946595841,0.0280681485698035,0.0420680930265523,0.0885161211566174,0.125874594160957,0.147776724601507,0.0852909182339935,0.0379272423381028,0.0359506476946964,0.105468965898252,0.0858221546257284,0.0978076255516758,0.126958288622059
"66",Jun 2020,0.0337244833383867,0.0280765885230133,0.0384420654493309,0.0224364816729594,-0.0071160406832333,0.0425234972750374,0.0162242930202048,0.0110847478458957,0.0237114415381015,0.0180268055574586,0.0237290614729794,0.0203776684222685,0.0501316889291653,0.0495630287949469,0.00346433996716433,0.00113824426482472,-0.00660367896761468,-0.000681225364139435,0.0228556630215914,0.0528157178461097,-0.106233433487102,0.00887423787991319,0.0213173122264991,0.027093196130706,0.0378702860277906,0.0616064783880213,0.0693228528053808,0.0182650225924606,0.00698728224971053,0.0085009651426444,0.0312451805516445,0.0159841261754537,0.0260696466004053,0.126762849522029
"67",Jul 2020,0.0287761698461867,0.0207157338298727,0.0342594422453099,0.0576598391087712,0.0392651327216224,0.0749041611510543,0.0574590200986279,0.0450935128258074,0.0777241852740775,0.0479604416023949,0.0490525299437792,0.0715110213690568,0.0589531713631978,0.102265053582516,0.0465201035987849,0.0219419117177896,0.0415285123662454,0.0384342544918829,0.0416546896350628,0.0676046740371438,-0.0131869459785302,0.0605017559011486,0.0233669042192228,0.0109461740129179,0.0434441728198452,0.0645929307876073,0.0506579711537517,0.0686100696791065,0.0264285948181971,0.0399749588026417,0.0690244081461797,0.0574519622642116,0.0752476178624517,0.119604595158085
"68",Aug 2020,0.0533167880638722,0.0522776722629522,0.0564834257036081,0.0704765512050029,0.0399986567668046,0.096855457859074,0.0344531825410921,0.0382302127001914,0.0269021375460374,0.0642988517657649,0.0671988705067559,0.0798260468545707,0.0942958677095,0.111261133688293,0.0627433426345358,0.0336996594010246,0.0386501126194138,0.0335299091891636,0.048122159546125,0.0668655550264144,-0.100782406218842,0.0544403238413932,0.0484390724640533,0.035145046758091,0.045174654282061,0.0560449041335656,0.097702331114663,0.0359149670871233,0.0388795455628412,0.035231752904282,0.033445029416826,0.0322263978008624,0.0319696938049946,0.170703555655523
"69",Sep 2020,-0.0331570684853574,-0.0481561048630589,-0.0208274014244598,-0.037720017596829,-0.025370242051424,-0.0475706990600691,-0.0199411467652807,-0.0232355853545788,-0.0142168227390502,-0.0312207439964546,-0.0413076703322822,-0.0379904347271686,-0.0471000335943608,-0.0476230873945288,-0.0285456412947232,-0.0397727477353112,-0.0318932547107797,-0.0368140344910991,-0.0426125649422277,0.0090544292207189,-0.246664363992955,-0.0353179958283098,-0.0511722135110648,-0.0328148355368428,-0.0178257910668037,0.0270750545741112,0.0128587506246442,-0.0161221477484077,-0.0331577435609113,-0.0271314263539278,-0.00944223932802263,-0.010939020177459,-0.0159658650522844,-0.0355559770393397
"70",Oct 2020,0.0217918283875318,0.0361842878934908,0.0074209588149526,-0.0232445746947751,-0.0119221305122601,-0.0342848641997882,0.00642748681957742,0.00935749202716982,0.00121438524616402,-0.0245999597006722,-0.0324702002542192,-0.0324896907590861,-0.0361050724200807,-0.0365553905953394,-0.0377592117979449,-0.00877748558800018,-0.00887775879640534,0.0396634149001093,0.0328444368417673,-0.00300901908016393,-0.0168425568203066,-0.00387296013205797,0.0430331061169859,0.00849744026374959,0.0156149325377453,0.0237929552586453,0.00539076049235679,-0.0350227695826686,0.0144181686880818,0.0116662470952176,0.0068758493919618,-0.00368217980919432,0.00152119177906528,-0.0132394282218421
"71",Nov 2020,0.167581661845612,0.174458271574385,0.162660338324915,0.11058089133374,0.125964005462539,0.0983506058383897,0.12912788363666,0.132274429720788,0.125125639783884,0.104896138860008,0.101591212249622,0.0999505884264894,0.0919623134823921,0.133476693038717,0.101914293312594,0.163741631518409,0.140776958112252,0.162471579235169,0.119372190588469,0.16322179028923,0.19253120198245,0.12735212132899,0.170180098136969,0.129001965792511,0.147106489906188,0.121690606484429,0.18024611302373,0.146625834807881,0.130651717768738,0.136336515460051,0.121630004973931,0.114053064822892,0.127842158008084,0.213247876984966
"72",Dec 2020,0.0829287849812381,0.0768655124932904,0.0889609735711628,0.0404044595660095,0.0365939889024526,0.043531576064104,0.0457285175596851,0.0447775497669689,0.0463732195818751,0.0291340227843555,0.0400434302652728,0.0358669320758409,0.0352160614124005,0.0451567754878612,0.0349424215894475,0.039284067231246,0.0498499875882173,0.0603080217514752,0.0790100691642568,0.0499271846747079,0.125959713681105,0.0780653546088312,0.0752667599423739,0.0687943065628101,0.0777584010821827,0.0960958054790178,0.126197287072381,0.0400404534568746,0.0469014997415429,0.049446604568398,0.0532787573672579,0.0414985715815516,0.0523213393880369,0.118300967632717
"73",Jan 2021,0.0473172219793384,0.04924144121963,0.0466450502818941,-0.00791449869885421,-0.00947978138868236,-0.00791042291651717,-0.00292198873315449,-0.00237486280352173,-0.00380644418841688,-0.019886011994918,-0.00958672035038103,-0.0265523379286079,-0.018954591508741,-0.000368736073172528,-0.0203365455023204,-0.0068837810854416,-0.00787692656045458,0.011119779277512,0.0156487496000896,0.0204867179688824,-0.00785548712006697,0.0195535831080507,0.0368453256661835,0.0138628140625715,0.0204242240838126,0.0416594338390663,0.0755075224624427,-0.0204933266279084,0.00566088843074645,-0.00156357667180708,-0.00936593605860162,-0.00134888278971742,0.000415375650664681,0.0989620880764966
"74",Feb 2021,0.0601780154627912,0.0910977969984285,0.0307483156690052,0.0285183041389254,0.0582242433784048,-0.000292592087291371,0.0542445398949262,0.0738124857916416,0.0169684174859474,0.0145710385605165,0.0308263015032021,0.0193803990472485,0.0133757778984361,0.0135533432786258,0.0161141414366711,0.0578076085081912,0.0610051890064192,0.0677689697041987,0.0887718259540242,0.0654079802188561,0.0202972921384619,0.0675165277147375,0.110433538420531,0.107860525081521,0.0725557568783688,0.0369727484598764,0.0928085402041178,0.0439537010695195,0.0659486050367995,0.0796813843733084,0.0257563092564103,0.0229527666906193,0.021161540050783,-0.0528876572562889
"75",Mar 2021,0.0138539864565617,0.0531691413648803,-0.0288090870912096,0.0377212990429876,0.0582971093449082,0.0175311357102344,0.0268922364738279,0.0519485004070763,-0.0184030920146659,0.0446667038226499,0.0528681457033674,0.0227922152247877,0.0221309114818621,-0.0152143041505541,0.0457182515777128,0.066917854543731,0.0584539179951521,0.0494832617248821,0.0194586438582586,0.0753043847232822,0.111063002162693,0.0346229887744877,0.0543033480636259,0.055721545834573,0.00278160036397379,-0.0624032760462244,-0.0518005251177042,0.0339857746250472,0.0886361359212274,0.0646288175634661,-0.020636726197095,0.012063940670713,-0.00857488241555416,-0.083224823531584
"76",Apr 2021,0.0177201724139306,0.018083500825998,0.0193306938336213,0.0520124329844281,0.0388275379111384,0.066454974932048,0.0497364194855508,0.0461290854060122,0.0532315939438545,0.0624432691527324,0.0528427213376904,0.0788553076911137,0.0642392402024527,0.0714525959459985,0.0635134106592087,0.0449409649659453,0.0427723399936589,0.0095651568948617,0.0295041489895047,0.0245663411913286,0.0681625793493781,0.0424813720311695,0.0269722016858102,0.0344682360720487,0.0428200633691636,0.0440876992496386,0.0129033929268876,0.0531660443452993,0.0393924005440343,0.0416560995186633,0.0518250013363894,0.0428640143499689,0.0505753398927172,0.00681289831512091
"77",May 2021,0.00270876211530805,0.0312232136342539,-0.0280132068245606,0.00457002364169389,0.0224687620578522,-0.0139567078149431,0.00807551470142171,0.0194666435474659,-0.0145988420301924,0.00307304056067572,0.00836818102405372,-0.00911473358019616,-0.00772698024863514,-0.0556927173279948,0.00546456394715547,0.0252394288070618,0.0336569598256998,-0.000885814481301117,0.00230013751838302,0.0415899634228308,0.026770235621539,0.00388263858530361,0.0300007504104389,0.027343660940387,-0.00868702143304584,-0.0629378083238201,-0.0606997178944224,-0.00232095353735777,0.0261223130862168,0.0344818239774347,-0.0316053334004259,-0.0118079297042886,-0.0139368246751585,-0.0744965387174521
"78",Jun 2021,0.0185174292397632,-0.00830205684466156,0.0448709256008352,0.0240922403711808,-0.0120650923986383,0.0593351963731156,0.0135234414550403,-0.0123525701228503,0.0654975103674933,0.0189132062473734,0.0219264094254475,0.0428866309184578,0.0510347757604958,0.0754448051304953,0.0184824420066308,-0.0247909254850303,-0.0148857245534936,-0.0235411498338524,-0.00431720555385444,0.00322801962823137,-0.00125856582039811,0.00595170557244707,-0.00837139610570385,-0.0237565835241532,0.00201149558220968,0.0471014631089809,0.0473903891317978,0.0174309846834794,-0.0246927589775098,-0.0202898965184536,0.0452492849256628,0.0242178557676836,0.0540568112982851,0.15412525603126
"79",Jul 2021,-0.0369476181396013,-0.0356771701750785,-0.0380602517712472,0.0207271455302918,0.00847509203132386,0.0332554863197225,0.00754332124148385,0.00598300871036461,0.00958290044309659,0.0329084696904144,0.0176811288370347,0.0338806243858617,0.0290575899275315,0.0152265537517226,0.0367643786849435,0.002685705886715,-0.00511206867635819,0.000453714410354729,-0.0180447105632187,-0.0560026785158925,-0.0203569400547182,-0.00884555537067329,-0.0317766121107757,-0.0348721742345188,-0.0131470409268779,-0.0189578938980186,-0.0550827479222495,0.0196316515810624,0.0166463508767748,-0.00307921343677509,0.020903907778629,0.0267720553975594,0.00931977762625053,-0.0860248091344712
"80",Aug 2021,0.0217921238470225,0.0249422629241813,0.018361030446753,0.0282045492262873,0.0193155796455372,0.0358356406912465,0.0251081395605152,0.0212138079452091,0.0322846019485982,0.025884246443746,0.0324574197611595,0.0280698516978851,0.0363250325536039,0.0463992346151045,-0.00397440726925195,0.0124911217527244,0.0179271265003501,0.00768013264097623,0.0157346757696149,0.0235780210791044,0.0622865292356895,0.00610871752361691,0.025384858932886,0.0235551586669665,0.0198225667777141,0.0261308538694817,0.0149034219644774,0.0415059078359957,0.0314633239640479,0.0195960314967473,0.0405409648988999,0.0227931026572743,0.0281708064525655,0.0167751145716893
"81",Sep 2021,-0.0292265673176411,-0.0184638608097276,-0.0391462631367673,-0.0471171540340913,-0.03610330564012,-0.0581097299537885,-0.0423447271018248,-0.0379867518590818,-0.0507745686149408,-0.0484747803009269,-0.0580394428484518,-0.0451747986866009,-0.0623161544249021,-0.0577554101510296,-0.0445876090838333,-0.0228146507801204,-0.0321977755616585,-0.0294575392998301,-0.0101700109119468,-0.0456326935594647,-0.0133739551939677,-0.0422947783712925,-0.0189542137998366,-0.00310880660029327,-0.0317701706109323,-0.044480035467501,-0.0583027282606883,-0.0418948422513075,-0.04205665830695,-0.031748781605601,-0.0409312889034748,-0.0346453715069474,-0.0501168774269054,-0.0989799101421383
"82",Oct 2021,0.0416354687483462,0.037664043853869,0.0460307168388698,0.0666927325786928,0.0500338478062555,0.0838194271654572,0.0587125099342924,0.0518759033303967,0.0689512892311775,0.0690812072475151,0.0738814581792045,0.0492888611873533,0.08112544233432,0.0636038209877576,0.0409968297303443,0.0392206880543668,0.047770155979512,0.0435344918874565,0.032752080101106,0.0386173212366695,0.0431203591591486,0.0465488084733398,0.041369335021463,0.0466379609822443,0.042688414767017,0.0546825585259097,0.0629411767897849,0.0611049892699871,0.0481646248097695,0.0445196225797597,0.0517421587263252,0.0362535004062073,0.0631982303056198,0.0928149606975136
"83",Nov 2021,-0.0442902621623579,-0.0361673157595347,-0.0511528747394122,-0.0127757848107283,-0.0363273185981197,0.00628893435922316,-0.0360861911240146,-0.0313377962417172,-0.0439257229336796,-0.0130639525261968,-0.0108645204271476,-0.00293682330424092,-0.00396037661146312,-0.0530783219091089,-0.0464248869703109,-0.0528053123233913,-0.0365187494275595,-0.0558933056851597,-0.0272183417918332,0.029399377681283,-0.0177413607687058,-0.0367494806875203,-0.0339608391822871,0.00592593521942399,-0.0461283565306603,-0.0865741048299174,-0.0553535448359698,-0.0327287870650269,-0.0333650432321049,-0.0362293997343473,-0.0297293238122524,-0.0264568844992778,-0.0416234023422409,-0.137591638978767
"84",Dec 2021,0.0224608062010656,0.039698177103311,0.00425621403560366,0.0389001439058745,0.0610782955722498,0.0201765854814287,0.0399614031589998,0.0612717030061117,0.0036419741920173,0.0387018936548184,0.0494149577678586,0.0379790192238309,0.0117722373750103,-0.0331078034565394,0.0498031878210345,0.060945925531831,0.0626519947432176,0.0560175797792445,0.0609854117703584,0.0413498590621759,0.0500395432060591,0.0466572382138171,0.0487364624013103,0.055801332448601,0.0365033345270003,-0.00338797806663757,0.0114943896027843,0.0602774090377311,0.0707759822535798,0.0535503192740794,0.00421546298375868,0.0282362587843161,0.0130548587491407,-0.102737057826772
"85",Jan 2022,-0.100203985962292,-0.0602557801473861,-0.144072243369038,-0.0579573196120156,-0.0239857326733824,-0.0908174101068036,-0.0765850684209001,-0.0449570482704702,-0.138478107014254,-0.0564747248567105,-0.0503027287025402,-0.0652650076559093,-0.0950667612525831,-0.127737353762749,-0.0917688754615503,0.00410466175817767,-0.00994428119694303,-0.0506010548939105,-0.0795099180161026,-0.110708256134284,0.00453003339070044,-0.0744294725006846,-0.0549421197603723,-0.0964724874566002,-0.10143201335855,-0.207523405785013,-0.193904880800228,-0.0982434584779768,-0.0315355546835615,-0.00871162940295326,-0.141170495661264,-0.114291385193873,-0.132052724310664,-0.226346639839607
"86",Feb 2022,0.0102826744425762,0.0152345380977667,0.00550243620235791,-0.0277929766036394,-0.0120884613973875,-0.0425318431204465,-0.00744099464525801,-0.00462608284075836,-0.0124376255161721,-0.0242142536714181,-0.0296161442941007,-0.0443812705756007,-0.0500962450775696,-0.0273822698680534,-0.0455306191349209,0.0122139761928482,-0.00212213819570352,0.0222421601707808,0.0160264980655593,0.00312318161811469,0.0267574256374873,0.0111899558362892,0.0127388613159329,0.00106539695151701,-0.00272105974936342,0.000463967021879255,0.0015996103897349,-0.019492084228895,0.00306293506572896,0,-0.013052304899457,-0.0169283936595073,-0.0118903316302494,-0.0680179760483963
"87",Mar 2022,0.0115089295958061,0.0198540414799364,0.00331058939460965,0.0330369176347729,0.0286614948232868,0.0388790636079587,0.0250831768788291,0.0307776323256266,0.0153847864276883,0.0242142536714181,0.0285734350777807,0.0192622638718378,0.0318586981879707,0.042473940871075,0.0225241223038619,0.00353449893154906,0.0138639354142317,0.010579580680751,-0.00945400352573075,0.0533401487233852,0.0131148780677863,-0.00669890375300965,0.0125788507902797,-0.0182702467282318,-0.0121404564667148,-0.00698158632018943,0.00372240226089622,0.00724799020231108,0.0129179464936448,0.00871162940295326,0.0035309044694585,0.0232375246454833,0.00450348382037344,-0.0611480865503474
"88",Apr 2022,-0.104240747286001,-0.0811480752121814,-0.129923891435934,-0.0927902221527869,-0.0592586620377015,-0.130146081039576,-0.0806942043957505,-0.0623342087702671,-0.119388712910054,-0.0979451837370948,-0.092289348855986,-0.128773257765671,-0.127028081774027,-0.167609691803456,-0.0758805610086869,-0.0490674308731799,-0.0553816985535565,-0.0822176674554809,-0.0737301791996952,-0.0278331074677614,-0.0376150140167139,-0.0980023488809601,-0.0761370465599314,-0.0580520826244155,-0.0962955597524326,-0.143927499543544,-0.146044874495726,-0.0911134610732069,-0.0606907811962186,-0.0572901705783324,-0.120808830464337,-0.104844095442456,-0.110842401772736,-0.341129236226659
"89",May 2022,0.00194438584781879,0.0191015915215776,-0.0185149001627663,-0.00228432364096395,0.0196234598990482,-0.0231165695119851,0.000694061879956217,0.0191202454152688,-0.0393328510275492,0.00751039579949907,-0.00229066062429139,-0.0127390188219658,-0.0282593546027326,-0.0568157318402723,0.00377253657701835,0.0404619745075976,0.0351239603800603,0.0253827909492492,0.0126140614914437,0.0614670129433779,-0.0124789038672835,0.019172501375932,0.0180640297500051,0.0311199720765153,0.00346466806388534,-0.0284483097848748,-0.0311941042558855,-0.00888067172218988,0.024793161208396,0.0225584754415572,-0.0524901386101679,-0.0100718881591055,-0.0287734842356338,-0.0666767767921918
"90",Jun 2022,-0.0873712224360423,-0.104309519305127,-0.065279511071576,-0.0875291805639183,-0.0916381843905776,-0.0836854223915729,-0.105232765979634,-0.117099938815315,-0.0779316586773122,-0.0729288139913275,-0.0817628874510561,-0.0960430886801456,-0.0838317361591126,-0.0916415123865698,-0.0956059994943315,-0.111764164233303,-0.0907390873937225,-0.0883471794948825,-0.0824887149406018,-0.137681513459403,-0.0697269608084784,-0.0750361825231065,-0.106152666168518,-0.0878727034301795,-0.0980376635193065,-0.0653529065173325,-0.0777217436533965,-0.101918661195817,-0.115318943338997,-0.115974174290751,-0.0598390298119406,-0.0725046857945439,-0.0973272328008488,-0.100358024677719
"91",Jul 2022,0.100417779603809,0.0918655264555265,0.107002229238499,0.0886546199154712,0.0638615767268709,0.114250752917352,0.09381864999746,0.0830901584601716,0.115395879183508,0.0881507980388004,0.0770584142360193,0.118678673102038,0.11903279000545,0.131298531065118,0.111879461449263,0.0638631883081862,0.0578271267830598,0.102175229060596,0.0800135519769859,0.0955657235398276,0.0313279035961617,0.099767220032331,0.0951286086704524,0.0978506565135567,0.0832291064227584,0.091641316717235,0.102754375649288,0.0951579620434569,0.0931451300593576,0.0657781084275653,0.123066785351877,0.0910434371773221,0.116009775299835,0.123672249489041
"92",Aug 2022,-0.0202300260458471,-0.0310982863102989,-0.00866037868170565,-0.0391220593052621,-0.0300194976987033,-0.0478707847386054,-0.0316126908130244,-0.031850888510118,-0.0333936575949682,-0.0456079676198991,-0.0340065121117775,-0.0504926686894595,-0.0634629750535795,-0.036209603603489,-0.0574540262145694,-0.029996485282654,-0.0288204638614057,-0.0491273616024161,-0.0490698237373862,-0.0119966032326886,-0.00714296800116424,-0.0581487897397213,-0.0268545153940998,-0.0422478677834026,-0.0284843950427837,-0.00270627048951901,0.0298347708477818,-0.0314213624634035,-0.0369214680701208,-0.0246698643062332,-0.0238918339408747,-0.0471654301379705,-0.0408852541397059,-0.0747387814963622
"93",Sep 2022,-0.101594698232547,-0.108403328871986,-0.0939153140833206,-0.0962684073452776,-0.0911167209501463,-0.102383088995764,-0.0967869721006086,-0.100980387057272,-0.0897242031570787,-0.0975494191125311,-0.0970096822979891,-0.0978556400401444,-0.110743854548082,-0.0964416410873881,-0.114181172033027,-0.0987847317337616,-0.0766102192324018,-0.0962810571784966,-0.0930367087520351,-0.114018638046598,-0.104431702712261,-0.0971376120591927,-0.0963223913140376,-0.109332097920015,-0.0966202873746791,-0.0830283273549278,-0.052968023576823,-0.0834500315871752,-0.10583443534374,-0.0990323369528831,-0.0941020091489305,-0.0858956493304665,-0.101084940030003,-0.104352972596837
"94",Oct 2022,0.105827413911833,0.119668804548442,0.0909486548571992,0.0760390501312131,0.0963190851380786,0.0562763282148564,0.0842048633805717,0.0894722701190661,0.0764368526184983,0.0681988229258607,0.0760366195225883,0.0377018203900859,0.0551740395962117,0.0319686465745137,0.0662452658947638,0.0987847317337616,0.122642800478866,0.130060158692428,0.113026556178748,0.150832388037048,0.0287601808794715,0.115648925228448,0.112092307485624,0.0884010729646516,0.0816097512049434,0.0600009116692853,0.0766798411658465,0.0708116573785182,0.0941338121032762,0.108045671205885,0.0749209209634187,0.0607063738728174,0.0794579534388147,0.0144720621969934
"95",Nov 2022,0.021797474817753,0.0279566546678525,0.0140876020314959,0.0521125071854524,0.0599409112855556,0.0440765093678243,0.0580375932126,0.0605798792106242,0.052237757961388,0.0484497692025416,0.0507150914403923,0.0648509475197115,0.0612864930232283,0.0340238932237187,0.0982196232153703,0.0652063608530429,0.0511070289920778,0.0346366850270921,0.0203033723216462,0.0446866100251746,0.0229309522507887,0.0448322876180588,0.0354468086418751,0.0659330785393284,0.0448103271150996,0.00276933027322711,-0.011193079478256,0.0551543638573338,0.0704303539631997,0.0600420132435045,0.0625557751826859,0.067988871027491,0.0625122407308946,-0.0211200405811412
"96",Dec 2022,-0.067359880170467,-0.0682426905786643,-0.0650726250446189,-0.0592159852746756,-0.0409827358607683,-0.0797471367355766,-0.0556275558920483,-0.0523756283104072,-0.0621348258673251,-0.0522175624122566,-0.060476395669548,-0.0602851674693496,-0.0772892685337238,-0.0853999851210151,-0.0608341941143991,-0.0455953672129412,-0.0412239807629003,-0.0592766165269788,-0.0379732006183177,-0.0577479839911233,-0.0623578703855513,-0.0671445751212956,-0.0691210708640019,-0.0624570826327308,-0.0453228876520603,-0.06453850706808,-0.0454485993424242,-0.0563877925618259,-0.0607309419841557,-0.0300029222149675,-0.0647942736113171,-0.0502694542657964,-0.0726625250021878,-0.182108153620863
"97",Jan 2023,0.0936611209737496,0.0922439844090456,0.0952594337230811,0.0642949439154971,0.0501550342452042,0.0799851229445535,0.0797578299826568,0.0776886552159671,0.0836063924308779,0.0521646406538821,0.0596244141600715,0.0741080660152396,0.0849406541854792,0.107703864627824,0.0773291787242481,0.0820649688691245,0.0475504975284342,0.0939146535723567,0.0910039078760985,0.0608809243395329,0.0496833889408339,0.0969515586716612,0.0897657267659586,0.0813655702346982,0.0850076011284541,0.0804510810861045,0.0838031990328104,0.0956042781762853,0.0996477186248119,0.0832436538177658,0.070404867513987,0.0784593933087922,0.0903278006209506,0.245428632567098
"98",Feb 2023,-0.0173844127195739,-0.0230830039589169,-0.0123663696081043,-0.0241192529144426,-0.0358821966583553,-0.0119635136015283,-0.0255110994802891,-0.0329479251159196,-0.0102849188186004,-0.0377403762939109,-0.0255705102007261,-0.0247947152371663,-0.0331156174845167,-0.0381407095481236,-0.0175071404866156,-0.037041192307859,-0.0244700370592416,0.00683293908838071,-0.0166585715534973,-0.0278662672631048,-0.0180185009998666,-0.011263188221965,-0.0183210377488239,0.0111014162488161,-0.011320011600551,-0.00929732608654708,-0.00457154116482396,-0.0258207039858965,-0.0305716653166215,-0.0316370963643445,-0.0140435037806196,-0.02258955761757,-0.012214487857267,-0.00779392680334039
"99",Mar 2023,-0.0496875404179558,-0.0758664308729438,-0.0250230786765877,0.0311904492387432,-0.00503843670818466,0.0656124742450512,-0.014438117713295,-0.031751072524448,0.013664826952059,0.0250519448756802,0.0408474056520012,0.0716393420519464,0.0698902779140574,0.0526568993373998,0.0290105387587775,-0.0143970554111015,-0.0284316786726228,-0.0469885094359191,-0.0402221906728259,-0.0497183636086831,-0.0303253312339331,-0.0375070240565939,-0.0790508974942415,-0.0415242444419812,-0.0156036157946043,0.00875276804343003,-0.0243489228464548,-0.0141846769048362,-0.0493746226602847,-0.0597878785330798,0.0064611571064336,0.0141019683127893,0.00839168290122608,0.018009528559053
"100",Apr 2023,-0.0181000132747267,-0.0255760640943328,-0.0116182409377595,0.0121798426982764,0.0154455725129155,0.0101801291387899,-0.00573744782551951,0.000282405892961509,-0.0144922461541083,0.0201467474314224,0.0210027831561717,0.000973141356322671,0.0117052202231352,-0.01476401038054,-0.00730511862375679,0.0308420222117072,0.00735062382799717,-0.0262468543233591,-0.0260318914481559,-0.0504538164870544,-0.0257641208695648,-0.0233704579542044,-0.0159936509608891,-0.0257683606447323,-0.00510096775640109,-0.0248151764301112,0.00175894379914864,0.0141846769048363,0.00653065168279283,0.00567107263885611,-0.0219009252935264,-0.0113272056602966,-0.012966656014017,-0.116049366180886
"101",May 2023,-0.0081956187753114,-0.0183615202950683,0.00169344792806499,0.00468214168143193,-0.0396426238878274,0.045808842408706,-0.0280064601011753,-0.0455476960300476,0.000891084684748251,-0.000782519660813801,0.0182411991644788,0.00968072773730119,0.0402943463080215,0.0694224952798514,0.0202185695354311,-0.0472167501955612,-0.0297319532018223,-0.0139365996430489,-0.0267276283118635,-0.0131396745261333,-0.022223140530567,-0.0448427213259903,-0.0197092868272331,0.0055779688501018,-0.0140452341534017,0.0160624083866811,0.0214439301749554,-0.00656073646697872,-0.036036165999281,-0.0436666358041241,-0.00540041833382501,-0.00865799485019446,-0.00459614164250993,0.119760827762218
"102",Jun 2023,0.0775843587159571,0.0756575157155634,0.0789032715038915,0.0648130450907116,0.0642321279170533,0.0643962661317482,0.079945982085569,0.0826156454908346,0.0739979094601035,0.0477645587622525,0.0636770868423968,0.0616440515520525,0.0600107550462211,0.0555510407261516,0.0691467417000039,0.0722110542847441,0.0660162531028609,0.0667890677246575,0.0651732206160053,0.13830271674295,0.0153313259281298,0.114806559561272,0.0706669459934126,0.0761365559118754,0.0536949327199858,0.0409098218029603,0.0181823013481118,0.0785705326288421,0.0971870695729944,0.0703266220033249,0.0836462648640217,0.0596741716808431,0.0796610017128643,0.0863113849461357
"103",Jul 2023,0.0592949615837997,0.0715276405626152,0.0458303603453022,0.0340014194848096,0.0346214215726733,0.0337998864696798,0.0386780968647749,0.0431209026974107,0.0295697918348753,0.0294140104808612,0.0263172522017884,0.0347165413700634,0.0310905863370843,0.0459630229184662,0.0154452881675817,0.0329137265071417,0.0356335826223552,0.043320785855891,0.0298632661803279,0.0633553297329809,0.0245913495905212,0.0434679428216217,0.0679949415897301,0.0734123327720824,0.0364156088542525,0.0125788991817702,0.0326808448376054,0.0331625780092665,0.0547317374245071,0.0404671271977738,0.032129082901581,0.045748439410073,0.0337816066216957,0.133616375646432
"104",Aug 2023,-0.052165009180569,-0.0489157834548797,-0.0540650725057535,-0.0175219578789542,-0.0273615729947252,-0.00963745911544502,-0.0355337451484586,-0.0368585872769109,-0.0339258104941531,-0.0142313376832297,-0.0108814100853338,-0.0105542116449535,-0.0123204277058218,-0.0147340227994467,0.00259044549624921,-0.0483921666638444,-0.0162401302382717,-0.041006911377178,-0.0284543321486711,-0.00580839764711305,-0.0583498695673766,-0.04024211860274,-0.0495649195790567,-0.0236952584932352,-0.0404450775561635,-0.0712276046528439,-0.0752404452482594,-0.0379911711573405,-0.0271775219573418,-0.0292122247745461,-0.0511241456694157,-0.032379957393425,-0.0298625499968985,-0.142491200480786
"105",Sep 2023,-0.0603193219445482,-0.0537066831000205,-0.069078737336732,-0.0491492105451078,-0.039686900035157,-0.0562134635829884,-0.051612861393121,-0.0521066284081853,-0.0498597681861644,-0.0512738252977884,-0.0556791178849936,-0.0461411883039585,-0.0610551718709771,-0.0682207373712969,-0.0576012464681747,-0.0253892400814104,-0.0248658702187347,-0.05110402278134,-0.0737561061455776,-0.011326053690305,-0.0757600378442085,-0.0644312032782304,-0.056080859774819,-0.0388937992260788,-0.063910595534877,-0.0803223314140185,-0.101321178522471,-0.030968265464433,-0.0425920952980823,-0.0511978136031291,-0.060448262462502,-0.051659180979449,-0.0518424518412833,-0.089591156958659
"106",Oct 2023,-0.0716475610498047,-0.0620088701831276,-0.0796450680861071,-0.0241276839913643,-0.0362165864783004,-0.0146944056931886,-0.051255139988232,-0.0514245078503555,-0.0523597192589879,-0.0112820283148313,-0.0139783095625526,-0.020580738715072,-0.0117822319734868,-0.0476557167789687,-0.0308652373025234,-0.0307538621019077,-0.0364871622745497,-0.052431958938103,-0.0808639978273181,-0.0665829651392005,-0.0786291591385656,-0.0578912123726205,-0.0605717042724315,-0.0410579964763546,-0.0657189535796161,-0.0893281375503992,-0.120061293932784,-0.042841803914312,-0.0571583943990993,-0.0422689189956428,-0.0733248049529884,-0.0580736919333021,-0.0557660448041931,-0.122963968668551
"107",Nov 2023,0.0880340749011191,0.0869262895568742,0.0871563038685629,0.0892220693679631,0.0728828666000522,0.104077594284658,0.097256510043391,0.0904276649171596,0.114843491374246,0.0886727843863067,0.0864737278573953,0.0920397374062537,0.0946366090060244,0.0948771922513781,0.108259774491329,0.0798160529983187,0.0641827689022438,0.0709086859842548,0.0891659325900312,0.05552439004256,0.0392849691892939,0.0651638839548779,0.090561553580259,0.0826729241131404,0.0874794659782872,0.0995784765039495,0.130410664899136,0.11691407143865,0.100494727066548,0.0800682284730563,0.128116954657842,0.0987127959535211,0.111512189188947,0.27339863975495
"108",Dec 2023,0.114454545249107,0.117065448192865,0.112795099095567,0.0487569840861758,0.0539260660072895,0.0434405915293332,0.0738803681913414,0.0744761433699619,0.0730910154378593,0.0406059834706544,0.0394452760944009,0.051188609926523,0.0385703193052329,0.0643625570833514,0.0558695193745838,0.0556924457414029,0.0574781010132686,0.0912955671634721,0.0991524414999687,0.085632185978331,0.0652405800987302,0.117990696063525,0.116176287226091,0.116206027755217,0.08387346129249,0.09819622199276,0.096830077249496,0.0646515669058597,0.0879852063438501,0.064151826437033,0.087389555604443,0.0696843025853378,0.0786802829187236,0.127304028440368
"109",Jan 2024,-0.03979286942823,-0.0473940680359014,-0.0316182891567847,0.0132948903227894,0.000604878063552118,0.0240834558835181,-0.0142527915453172,-0.0183985815146428,-0.00576044472159886,0.0125292030645864,0.0259068823884182,0.0201856617379349,0.0263520192132661,0.0187071794018,-0.0130572411637853,0.00323971158034616,0.0105125744950633,-0.0348228628480318,-0.0209954881569798,0.0387561747150772,-0.0477381266295501,-0.0334293184574913,-0.0366807254764319,-0.0276425232896201,-0.0104303562240333,0.00488211197223163,-0.0129338203773829,-0.0013353492470429,-0.0162718073796826,-0.0172111307669491,-0.0167719563924151,0.014979431067289,-0.00153728403407785,-0.142601546146208
"110",Feb 2024,0.0547273321712103,0.0322801453520549,0.077227815294156,0.0513366691642356,0.0351185302369113,0.0641641548156058,0.0531120808047998,0.0462135412651025,0.071966812582898,0.0407792685402044,0.0388993613561681,0.0621417516807985,0.0544093294218183,0.0800120534909986,0.0551042627157172,0.0276467238545468,0.0299394835390576,0.0340447052997693,0.0422262553192008,0.11523775907672,-0.0175024534691801,0.0631211143236093,0.0374154528298334,0.0295880220403996,0.0490190399936947,0.0889935265411079,0.0691507062409278,0.0571335943026823,0.0586310318021013,0.0289105354341198,0.0570116319024571,0.0412623937495879,0.0752501871073763,0.120983276268884
"111",Mar 2024,0.0342755252731896,0.0409246210210749,0.0267577057019117,0.0321271765210205,0.0491869006592278,0.0190011483421057,0.0424217044211733,0.0501794489125937,0.0234572744855304,0.0286166289643621,0.0282127262042525,0.00390473338515446,0.0176996823453832,0.0352435631436788,0.045691061219928,0.0431056945276469,0.044051774492515,0.0421703831811798,0.0311858366844773,0.0717076299874982,0.0362529874073414,0.0416726979568177,0.0405346122085228,0.0357948327165666,0.0323334531326706,0.0249340352464935,0.018057941492575,0.0480487173024593,0.0629110871925916,0.0562533761052855,0.0261162893019504,0.0245316194463478,0.0350520066284692,-0.0230938546640816
"112",Apr 2024,-0.0709307917353797,-0.0634938382106159,-0.0786404089524727,-0.0427362978968995,-0.0434168751019513,-0.04307442709952,-0.0546223054963245,-0.0530039795215521,-0.0604930579831713,-0.0365028339487866,-0.0357712861412407,-0.0569291497321197,-0.0445343143614642,-0.036163766321668,-0.0575561360728222,-0.0264647381810775,-0.057461967333265,-0.0426894250555014,-0.0650988945870736,-0.0493742756607315,-0.0156009149233022,-0.0682382867392855,-0.0584876869073298,-0.0584001392065065,-0.0597440177652774,-0.0627695482233662,-0.0701943966276755,-0.0883975365144328,-0.0658660546216769,-0.0565441917739142,-0.0627243745732538,-0.0605762643518321,-0.0666534131998847,-0.141780809592129
"113",May 2024,0.0491547834644833,0.0448718271073177,0.0517683751879844,0.0456136779303596,0.0324699503836145,0.0585014873977911,0.0283556798687803,0.0357003367483346,0.0113830494995408,0.0424591772955319,0.0541470876447921,0.0459572258610758,0.0731587253547114,0.0509710196074553,0.0110068767545535,0.0324738136594317,0.0297678359492748,0.0567689666375571,0.0441967513392266,0.072748746439656,0.0580315122424695,0.0303577802072815,0.0258507541994585,0.054171748585244,0.0532793402488488,0.0422811389329893,0.0696519377776927,0.00698386204569518,0.044495005934109,0.0337464391933019,0.00310248162692102,0.0106253289762871,0.0212743283445126,-0.0235140230322898
"114",Jun 2024,-0.0113074794890273,-0.0188044320061163,-0.00272138990264583,0.0321109994852949,-0.0113190714264087,0.0640618543606622,-0.00758669159239661,-0.0168046397010876,0.0163013687878354,0.0305417196106634,0.0426765377560358,0.0492029149745788,0.0487622500630004,0.0759560030429757,0.0176580518505003,-0.0176282556840723,-0.00908951133023076,-0.0140795415820557,-0.00961703063441994,-0.0581320642822826,-0.0502006315210391,-0.0187343475267693,-0.00647624757645475,-0.0166156419717077,-0.00814006391571413,0.0296208978784238,0.00270925320240201,-0.0108013376105937,-0.0339234484522855,-0.0328742457857649,0.0239745229795133,0.00189517062292828,0.00889917007160972,0.0347257107604282
"115",Jul 2024,0.0983568292312067,0.117038690875691,0.0784679220079338,0.0145470995682487,0.0498621543839825,-0.017490390153041,0.0465088860731253,0.0582345382349914,0.00569297266605599,0.0152432639214148,-0.00522199618142686,-0.0174048719962074,-0.0186499484027092,-0.02048076835856,0.0443417941259825,0.0543880297897466,0.0470494473122756,0.0788938858368589,0.0855385164269551,0.0781806052089459,0.0261754468993374,0.0786397846217161,0.103335641008715,0.115599967726321,0.0564089153073412,0.000478393148444056,0.0418604647387486,0.0614528031200136,0.0716402379149,0.0731111600561646,-0.00100857095600877,0.0287943305484839,0.0228855348700128,0.0353187810452825
"116",Aug 2024,-0.0170296849927012,-0.020535459002919,-0.0111550554044512,0.0234395341857747,0.0265276929342012,0.0200932664530616,0.0193546172848823,0.0188094055433772,0.0249166939508751,0.0174950286077741,0.0258412130238061,0.025623064769719,0.0141605418056449,0.00544783562645568,0.0177950942531317,0.0114833648562978,0.0202206958335212,-0.0101663975086164,-0.0123115642790965,0.00557578766237542,-0.0355799353369355,-0.0346433130191331,-0.0187484378729106,-0.0124438552814532,0.013047017442792,0.037084788773422,0.0174901651512356,-0.00373212763458782,0.0109523674977934,0.0211153249871265,0.0249141468113727,0.010717690449138,0.0168956092992046,-0.0157169609718666
"117",Sep 2024,0.00708017251162485,-0.000281420633794625,0.0132056267921112,0.020504450151911,0.0132386651225119,0.0282713475013039,0.0218770655285251,0.0184596423743329,0.033193073639761,0.0120056532565224,0.00969317675255612,-0.000744309638452103,0.0227977836535055,0.0366909300646277,0.00632164845028933,-0.00333561981465393,-0.00029449208491709,0,0.00216546348529997,0.00249888378507619,0.0506631534737953,-0.00371749129740383,-0.00150929735506878,-0.0069324238608301,0.00721751470414069,0.0236804397036684,0.00762003257005009,0.0197455840472632,0.0221433849483811,0.00527561276417142,0.042395572028098,0.0172219950676498,0.0278961366445641,0.058706603379264
"118",Oct 2024,-0.0142712701912319,-0.0148562299240332,-0.012614492220352,-0.00686219004818956,-0.0112325213522255,-0.00378998639715281,-0.00500462899158056,-0.0134742002661275,0.0170756167198349,-0.00737108849922816,-0.0101570693934229,-0.0195494967352143,-0.00551274109833364,0.00727395523527432,-0.00830528988499498,-0.00862902140742092,-0.00917022883337008,-0.0254012200557053,-0.030115214807363,-0.0184722751966495,-0.0120483046057764,0.00889882649696489,-0.0153981459430327,-0.0693035134147159,-0.0198783566887625,-0.00949588024699129,0.0333447198643501,-0.0209926754130593,-0.0197257019880805,-0.0129750896060212,0.0219276371571188,-0.0178459569931175,0.0132662502677092,-0.0351138498367006
"119",Nov 2024,0.105006820047834,0.0927293078929834,0.117355023501003,0.0629579641390399,0.0625283854463186,0.0632574922599534,0.0848901951026855,0.0714932828690823,0.125547710629924,0.0487314277401911,0.0568232311566174,0.0365303095524109,0.059551007790617,0.0993553997222338,0.0671908342348835,0.0391836438601978,0.047869809707834,0.0973005235439471,0.11167808955817,0.104258153838795,0.0502321441377497,0.0933282407062928,0.0877583172117584,0.0971723763646776,0.0776043659059966,0.0893025225922065,0.11544168641167,0.102319220560749,0.0797408703524227,0.0687439973959951,0.130469488118104,0.066379841402073,0.0807318801365822,0.233850900491885
"120",Dec 2024,-0.0874539790967618,-0.0889586769336829,-0.0879484116151732,-0.0286422640228809,-0.0710665240643033,0.00901775837218619,-0.0734405288391537,-0.0759534836754886,-0.0641683592848399,-0.0294280540066949,-0.0140056919788118,-0.0154675804023955,-0.0180117650669001,0.00866422039514328,-0.0476909627491049,-0.05746179525374,-0.0586025655540533,-0.0782940004909682,-0.0603568759184175,-0.0894878313108886,-0.0616378719166262,-0.0754657656642643,-0.0855316881599543,-0.0831748409130202,-0.066883948253726,-0.0710434073457083,-0.0509949192063628,-0.0776672544166981,-0.0790375294352238,-0.0789608060426736,-0.0694209155784665,-0.0516206917528745,-0.0757225936914811,-0.0210900903521966
